{"has_child":1,"home_url":"http:\/\/lesvieillescharrettes.localhost","root_flag":"custom","php_version":"8.1.10","mysql_version":"8.0.30","wp_version":"6.2","child_file":{"lesvieillescharrettes.localhost_wpvivid-6425a1d451889_2023-03-30-16-51_backup_db.zip":{"files":["lesvieillescharrettes.localhost_wpvivid-6425a1d451889_2023-03-30-16-51_backup_db.sql"],"tables":[{"name":"wp_lesvieillescharrettes_links","size":32768,"rows":"0"},{"name":"wp_lesvieillescharrettes_term_relationships","size":32768,"rows":"21"},{"name":"wp_lesvieillescharrettes_commentmeta","size":49152,"rows":"0"},{"name":"wp_lesvieillescharrettes_term_taxonomy","size":49152,"rows":"4"},{"name":"wp_lesvieillescharrettes_termmeta","size":49152,"rows":"0"},{"name":"wp_lesvieillescharrettes_terms","size":49152,"rows":"5"},{"name":"wp_lesvieillescharrettes_usermeta","size":49152,"rows":"21"},{"name":"wp_lesvieillescharrettes_users","size":65536,"rows":"0"},{"name":"wp_lesvieillescharrettes_comments","size":98304,"rows":"0"},{"name":"wp_lesvieillescharrettes_postmeta","size":278528,"rows":"494"},{"name":"wp_lesvieillescharrettes_options","size":2162688,"rows":"219"},{"name":"wp_lesvieillescharrettes_posts","size":3670016,"rows":"188"}],"dump_db":1,"file_type":"databases","home_url":"http:\/\/lesvieillescharrettes.localhost","root_flag":"custom","php_version":"8.1.10","mysql_version":"8.0.30","wp_version":"6.2","file":"lesvieillescharrettes.localhost_wpvivid-6425a1d451889_2023-03-30-16-51_backup_db.part001.zip"},"lesvieillescharrettes.localhost_wpvivid-6425a1d451889_2023-03-30-16-51_backup_themes.zip":{"file_type":"themes","root_flag":"wp-content","php_version":"8.1.10","mysql_version":"8.0.30","wp_version":"6.2","themes":{"Divi":{"slug":"Divi"},"twentytwentyone":{"slug":"twentytwentyone"},"twentytwentythree":{"slug":"twentytwentythree"},"twentytwentytwo":{"slug":"twentytwentytwo"}},"file":"lesvieillescharrettes.localhost_wpvivid-6425a1d451889_2023-03-30-16-51_backup_themes.part001.zip"},"lesvieillescharrettes.localhost_wpvivid-6425a1d451889_2023-03-30-16-51_backup_plugin.zip":{"file_type":"plugin","root_flag":"wp-content","php_version":"8.1.10","mysql_version":"8.0.30","wp_version":"6.2","plugin":{"akismet":{"slug":"akismet"},"wptools-masonry-gallery-posts-for-divi":{"slug":"wptools-masonry-gallery-posts-for-divi"}},"file":"lesvieillescharrettes.localhost_wpvivid-6425a1d451889_2023-03-30-16-51_backup_plugin.part001.zip"},"lesvieillescharrettes.localhost_wpvivid-6425a1d451889_2023-03-30-16-51_backup_uploads.zip":{"file_type":"upload","root_flag":"wp-content","php_version":"8.1.10","mysql_version":"8.0.30","wp_version":"6.2","file":"lesvieillescharrettes.localhost_wpvivid-6425a1d451889_2023-03-30-16-51_backup_uploads.part001.zip"},"lesvieillescharrettes.localhost_wpvivid-6425a1d451889_2023-03-30-16-51_backup_content.zip":{"file_type":"wp-content","root_flag":"wp-content","php_version":"8.1.10","mysql_version":"8.0.30","wp_version":"6.2","file":"lesvieillescharrettes.localhost_wpvivid-6425a1d451889_2023-03-30-16-51_backup_content.part001.zip"},"lesvieillescharrettes.localhost_wpvivid-6425a1d451889_2023-03-30-16-51_backup_core.zip":{"file_type":"wp-core","include_path":["wp-includes","wp-admin"],"wp_core":1,"root_flag":"root","home_url":"http:\/\/lesvieillescharrettes.localhost","file":"lesvieillescharrettes.localhost_wpvivid-6425a1d451889_2023-03-30-16-51_backup_core.part001.zip"}},"file":"lesvieillescharrettes.localhost_wpvivid-6425a1d451889_2023-03-30-16-51_backup_all.part001.zip"}